CREATE DATABASE  IF NOT EXISTS `marvel_shopp` /*!40100 DEFAULT CHARACTER SET utf8 */ /*!80016 DEFAULT ENCRYPTION='N' */;
USE `marvel_shopp`;
-- MySQL dump 10.13  Distrib 8.0.16, for Win64 (x86_64)
--
-- Host: 127.0.0.1    Database: marvel_shopp
-- ------------------------------------------------------
-- Server version	8.0.16

/*!40101 SET @OLD_CHARACTER_SET_CLIENT=@@CHARACTER_SET_CLIENT */;
/*!40101 SET @OLD_CHARACTER_SET_RESULTS=@@CHARACTER_SET_RESULTS */;
/*!40101 SET @OLD_COLLATION_CONNECTION=@@COLLATION_CONNECTION */;
 SET NAMES utf8 ;
/*!40103 SET @OLD_TIME_ZONE=@@TIME_ZONE */;
/*!40103 SET TIME_ZONE='+00:00' */;
/*!40014 SET @OLD_UNIQUE_CHECKS=@@UNIQUE_CHECKS, UNIQUE_CHECKS=0 */;
/*!40014 SET @OLD_FOREIGN_KEY_CHECKS=@@FOREIGN_KEY_CHECKS, FOREIGN_KEY_CHECKS=0 */;
/*!40101 SET @OLD_SQL_MODE=@@SQL_MODE, SQL_MODE='NO_AUTO_VALUE_ON_ZERO' */;
/*!40111 SET @OLD_SQL_NOTES=@@SQL_NOTES, SQL_NOTES=0 */;

--
-- Table structure for table `bd_version`
--

DROP TABLE IF EXISTS `bd_version`;
/*!40101 SET @saved_cs_client     = @@character_set_client */;
 SET character_set_client = utf8mb4 ;
CREATE TABLE `bd_version` (
  `id` bigint(11) NOT NULL AUTO_INCREMENT,
  `versao` int(11) NOT NULL,
  PRIMARY KEY (`id`)
) ENGINE=InnoDB AUTO_INCREMENT=2 DEFAULT CHARSET=utf8mb4 COLLATE=utf8mb4_0900_ai_ci;
/*!40101 SET character_set_client = @saved_cs_client */;

--
-- Dumping data for table `bd_version`
--

LOCK TABLES `bd_version` WRITE;
/*!40000 ALTER TABLE `bd_version` DISABLE KEYS */;
INSERT INTO `bd_version` VALUES (1,1);
/*!40000 ALTER TABLE `bd_version` ENABLE KEYS */;
UNLOCK TABLES;

--
-- Table structure for table `comentario`
--

DROP TABLE IF EXISTS `comentario`;
/*!40101 SET @saved_cs_client     = @@character_set_client */;
 SET character_set_client = utf8mb4 ;
CREATE TABLE `comentario` (
  `id` bigint(11) NOT NULL AUTO_INCREMENT,
  `descricao` varchar(5000) NOT NULL,
  `nota` int(11) NOT NULL,
  `usuario` bigint(11) NOT NULL,
  `personagem` bigint(11) NOT NULL,
  PRIMARY KEY (`id`),
  KEY `usuario_comentario_fk_idx` (`usuario`),
  KEY `personagem_comentario_fk_idx` (`personagem`),
  CONSTRAINT `personagem_comentario_fk` FOREIGN KEY (`personagem`) REFERENCES `personagem` (`id`) ON DELETE RESTRICT ON UPDATE RESTRICT,
  CONSTRAINT `usuario_comentario_fk` FOREIGN KEY (`usuario`) REFERENCES `usuario` (`id`) ON DELETE RESTRICT ON UPDATE RESTRICT
) ENGINE=InnoDB DEFAULT CHARSET=utf8mb4 COLLATE=utf8mb4_0900_ai_ci;
/*!40101 SET character_set_client = @saved_cs_client */;

--
-- Dumping data for table `comentario`
--

LOCK TABLES `comentario` WRITE;
/*!40000 ALTER TABLE `comentario` DISABLE KEYS */;
/*!40000 ALTER TABLE `comentario` ENABLE KEYS */;
UNLOCK TABLES;

--
-- Table structure for table `endereco`
--

DROP TABLE IF EXISTS `endereco`;
/*!40101 SET @saved_cs_client     = @@character_set_client */;
 SET character_set_client = utf8mb4 ;
CREATE TABLE `endereco` (
  `id` bigint(11) NOT NULL AUTO_INCREMENT,
  `rua` varchar(45) NOT NULL,
  `bairro` varchar(45) NOT NULL,
  `cep` varchar(45) NOT NULL,
  `numero` int(11) NOT NULL,
  `complemento` varchar(45) DEFAULT NULL,
  `cidade` varchar(45) NOT NULL,
  `usuario` bigint(11) NOT NULL,
  PRIMARY KEY (`id`),
  KEY `usuario_fk_idx` (`usuario`),
  CONSTRAINT `usuario_fk` FOREIGN KEY (`usuario`) REFERENCES `usuario` (`id`) ON DELETE RESTRICT ON UPDATE RESTRICT
) ENGINE=InnoDB DEFAULT CHARSET=utf8;
/*!40101 SET character_set_client = @saved_cs_client */;

--
-- Dumping data for table `endereco`
--

LOCK TABLES `endereco` WRITE;
/*!40000 ALTER TABLE `endereco` DISABLE KEYS */;
/*!40000 ALTER TABLE `endereco` ENABLE KEYS */;
UNLOCK TABLES;

--
-- Table structure for table `item`
--

DROP TABLE IF EXISTS `item`;
/*!40101 SET @saved_cs_client     = @@character_set_client */;
 SET character_set_client = utf8mb4 ;
CREATE TABLE `item` (
  `id` bigint(11) NOT NULL AUTO_INCREMENT,
  `personagem` bigint(11) NOT NULL,
  `qtd` int(11) NOT NULL,
  PRIMARY KEY (`id`),
  KEY `personagem_fk_idx` (`personagem`),
  CONSTRAINT `personagem_fk` FOREIGN KEY (`personagem`) REFERENCES `personagem` (`id`) ON DELETE RESTRICT ON UPDATE RESTRICT
) ENGINE=InnoDB DEFAULT CHARSET=utf8;
/*!40101 SET character_set_client = @saved_cs_client */;

--
-- Dumping data for table `item`
--

LOCK TABLES `item` WRITE;
/*!40000 ALTER TABLE `item` DISABLE KEYS */;
/*!40000 ALTER TABLE `item` ENABLE KEYS */;
UNLOCK TABLES;

--
-- Table structure for table `item_pedido`
--

DROP TABLE IF EXISTS `item_pedido`;
/*!40101 SET @saved_cs_client     = @@character_set_client */;
 SET character_set_client = utf8mb4 ;
CREATE TABLE `item_pedido` (
  `id` bigint(11) NOT NULL AUTO_INCREMENT,
  `item` bigint(11) NOT NULL,
  `pedido` bigint(11) NOT NULL,
  PRIMARY KEY (`id`),
  KEY `item_fk_idx` (`item`),
  KEY `pedido_fk_idx` (`pedido`),
  CONSTRAINT `item_fk` FOREIGN KEY (`item`) REFERENCES `item` (`id`) ON DELETE RESTRICT ON UPDATE RESTRICT,
  CONSTRAINT `pedido_fk` FOREIGN KEY (`pedido`) REFERENCES `pedido` (`id`) ON DELETE RESTRICT ON UPDATE RESTRICT
) ENGINE=InnoDB DEFAULT CHARSET=utf8;
/*!40101 SET character_set_client = @saved_cs_client */;

--
-- Dumping data for table `item_pedido`
--

LOCK TABLES `item_pedido` WRITE;
/*!40000 ALTER TABLE `item_pedido` DISABLE KEYS */;
/*!40000 ALTER TABLE `item_pedido` ENABLE KEYS */;
UNLOCK TABLES;

--
-- Table structure for table `pedido`
--

DROP TABLE IF EXISTS `pedido`;
/*!40101 SET @saved_cs_client     = @@character_set_client */;
 SET character_set_client = utf8mb4 ;
CREATE TABLE `pedido` (
  `id` bigint(11) NOT NULL AUTO_INCREMENT,
  `usuario` bigint(11) DEFAULT NULL,
  `dt_inicio` datetime NOT NULL,
  `status` varchar(45) NOT NULL DEFAULT 'aberto',
  `pagamento` bigint(11) DEFAULT NULL,
  `dt_confirmacao` datetime DEFAULT NULL,
  `endereco_cobranca` bigint(11) DEFAULT NULL,
  PRIMARY KEY (`id`),
  KEY `usuario_pedido_fk_idx` (`usuario`),
  KEY `pagamento_fk_idx` (`pagamento`),
  KEY `endereco_fk_idx` (`endereco_cobranca`),
  CONSTRAINT `endereco_fk` FOREIGN KEY (`endereco_cobranca`) REFERENCES `endereco` (`id`) ON DELETE RESTRICT ON UPDATE RESTRICT,
  CONSTRAINT `pagamento_fk` FOREIGN KEY (`pagamento`) REFERENCES `tipo_pagamento` (`id`) ON DELETE RESTRICT ON UPDATE RESTRICT,
  CONSTRAINT `usuario_pedido_fk` FOREIGN KEY (`usuario`) REFERENCES `usuario` (`id`) ON DELETE RESTRICT ON UPDATE RESTRICT
) ENGINE=InnoDB DEFAULT CHARSET=utf8;
/*!40101 SET character_set_client = @saved_cs_client */;

--
-- Dumping data for table `pedido`
--

LOCK TABLES `pedido` WRITE;
/*!40000 ALTER TABLE `pedido` DISABLE KEYS */;
/*!40000 ALTER TABLE `pedido` ENABLE KEYS */;
UNLOCK TABLES;

--
-- Table structure for table `personagem`
--

DROP TABLE IF EXISTS `personagem`;
/*!40101 SET @saved_cs_client     = @@character_set_client */;
 SET character_set_client = utf8mb4 ;
CREATE TABLE `personagem` (
  `id` bigint(11) NOT NULL AUTO_INCREMENT,
  `nome_real` varchar(50) NOT NULL,
  `identidade` varchar(50) NOT NULL,
  `categoria` bigint(11) NOT NULL,
  `descricao` varchar(5000) NOT NULL,
  `preco` decimal(10,0) NOT NULL,
  `ocupacao` bigint(11) NOT NULL,
  `sexo` bigint(11) NOT NULL,
  `qtd_estoque` int(11) NOT NULL,
  `lugar` varchar(50) DEFAULT NULL,
  `imagem_ref` varchar(50) NOT NULL,
  PRIMARY KEY (`id`),
  KEY `categoria_fk_idx` (`categoria`),
  KEY `sexo_fk_idx` (`sexo`),
  KEY `ocupacao_fk_idx` (`ocupacao`),
  CONSTRAINT `categoria_fk` FOREIGN KEY (`categoria`) REFERENCES `tipo_categoria` (`id`) ON DELETE RESTRICT ON UPDATE RESTRICT,
  CONSTRAINT `ocupacao_fk` FOREIGN KEY (`ocupacao`) REFERENCES `tipo_ocupacao` (`id`) ON DELETE RESTRICT ON UPDATE RESTRICT,
  CONSTRAINT `sexo_fk` FOREIGN KEY (`sexo`) REFERENCES `tipo_sexo` (`id`) ON DELETE RESTRICT ON UPDATE RESTRICT
) ENGINE=InnoDB AUTO_INCREMENT=101 DEFAULT CHARSET=utf8;
/*!40101 SET character_set_client = @saved_cs_client */;

--
-- Dumping data for table `personagem`
--

LOCK TABLES `personagem` WRITE;
/*!40000 ALTER TABLE `personagem` DISABLE KEYS */;
INSERT INTO `personagem` VALUES (1,'Peter Benjamin Parker','Homem-aranha',5,'Quando Peter Parker foi picado por uma aranha Radioativa durante um experimento científico, logo descobriu que havia ganho os poderes proporcionais de um aracnídeo. Em uma sucessão de eventos, descobriu que com grandes poderes vem grandes responsabilidades quando seu tio morreu nas mãos de um assaltante que ele poderia ter parado mais cedo. Possui habilidade de escalar paredes, força e velocidade sobre-humana que afeta seu vigor e agilidade, fator de cura e imunidade a contaminações. Além disso possui um equilíbrio perfeito em qualquer posição e um sentido-aranha que lhe avisa sobre perigos iminentes.',90,1,1,3,'Nova York','homemAranha(peter parker).jpg'),(2,'Miles Morales','Homem-aranha',5,'No apartamento de seu tio, Miles foi picado por uma aranha aprimorada com um composto químico, e devido a isso descobriu que recebeu habilidades sobre-humanas, como camuflagem, agilidade aumentada e algum tipo de rajada atordoante. Após revelar seus poderes recém-descobertos para seu melhor amigo, ambos concluíram que ele tinha poderes semelhantes aos do Homem-Aranha, incluindo o de escalar paredes. Após um Homem-Aranha morrer salvando a sua família e ele chegar tarde ao local. Sentindo-se culpado por não ter ajudado e decidiu seguir a filosofia de Parker (com grandes poderes, vem grandes responsabilidades) e assim dar continuidade ao legado do Homem-aranha que faleceu.',70,1,1,6,'Nova York','homemAranha(miles).jpg'),(3,'Matthew Michael Murdock','Demolidor',2,'Quando criança foi atingindo no rosto por um isótopo radioativo num acidente de trânsito, o que o deixando cego. Enquanto se recuperava no hospital, Matt descobriu que sua audição, olfato, paladar e tato foram ampliados a níveis sobre-humanos. Ele também desenvolveu um \"sentido de radar\" que formava uma imagem mental de seus arredores. Alguns meses depois, Matt foi treinado pelo mestre ninja Stick. Graças a Stick, Matt aprendeu a controlar suas novas habilidades e aperfeiçoou sua proficiência em acrobacias e artes marciais.Com o passar dos anos, virou advogado de Hell’s Kitchen e inconformado com os vilões que ficavam impunes e querendo se vingar do homem que matou seu pai quando era criança, se tornou um vigilante do local.',50,1,1,10,'Hell\'s Kitchen','demolidor.png'),(4,'Benjamin Jacob Grimm','Coisa',5,'Sendo um dos quatro passageiros da expedição de Reed Richards foi bombardeado por radiação cósmica, o que provocou alterações mutagênicas no seu corpo. Grimm foi transformado em uma \"coisa\" com pele grossa de cor laranja, muito musculosa e extremamente forte. Richards o convenceu que os quatro deveriam usar seus novos poderes para o bem da humanidade como membros de uma equipe chamada de Quarteto Fantástico. Depois de ser submetido a um soro, ele agora retorna à forma humana uma vez por ano, a qual é a única vez em que ele envelhece.',75,1,1,8,NULL,'coisa.jpg'),(5,'Susan Storm','Mulher invisível',5,'Sendo um dos quatro passageiros da expedição de Reed Richards foi bombardeada por radiação cósmica, o que provocou alterações mutagênicas no seu corpo. Susan pode se tornar parcialmente ou totalmente invisível, dependendo da sua vontade ou necessidade. Ela também pode tornar outras pessoas ou objetos invisíveis. Richards o convenceu que os quatro deveriam usar seus novos poderes para o bem da humanidade como membros de uma equipe chamada de Quarteto Fantástico.',60,1,2,9,NULL,'mulherInvisivel.jpg'),(6,'Jonathan Lowell Spencer Storm','Tocha Humana',5,'Sendo um dos quatro passageiros da expedição de Reed Richards foi bombardeado por radiação cósmica, o que provocou alterações mutagênicas no seu corpo. Johnny se transformou em um monstro flamejante quando a nave caiu de volta à Terra. Chamando a si mesmo de Tocha Humana em homenagem aos heróis da Segunda Guerra Mundial de mesmo nome. Richards o convenceu que os quatro deveriam usar seus novos poderes para o bem da humanidade como membros de uma equipe chamada de Quarteto Fantástico.',75,1,1,15,NULL,'tochaHumana.jpg'),(7,'Luke Cage','Luke Cage',2,'Submetido a um experimento enquanto estava na prisão injustamente num dispositivo que continha um campo elétrico conduzido por um composto químico orgânico, teve seu procedimento adulterado, esperando que isso levasse a sua morte. No entanto, o tratamento foi acelerado, passando do seu propósito, causando uma mutação genética em todo o seu corpo, fortificando suas células e dando a ele força e resistência sobre-humana. Luke, com seus novos poderes, os usou para escapar da prisão e voltar para o Harlem. Um encontro casual com criminosos o inspirou a usar seus novos poderes com fins lucrativos.',45,1,1,22,'Harlem','lukeCage.jpg'),(8,'Clinton Francis Barton','Gavião arqueiro',2,'Clint adaptou suas habilidades com o arco para se tornar uma atração circense, um arqueiro mestre chamado \"Gavião Arqueiro\", também conhecido como o \"Maior Atirador do Mundo\". Ele passou algum tempo como membro do Circo de Tiboldts. Ao testemunhar o Homem de Ferro em ação, Barton tentou imitá-lo vestindo um traje colorido e empregando suas habilidades de tiro com arco para combater o crime. Com o tempo  deixou o traje chamativo e passou a focar em melhorar suas habilidades, virando um homem que sempre acerta seu alvo.',65,1,1,9,NULL,'gaviaoArqueiro.jpg'),(9,'Visão','Visão',5,'Sintozóide construído por Ultron e Phineas T. Horton usando partes do Tocha Humana original. Possui Células Horton modificadas que permite que ele altere sua densidade. Comovido pelo sofrimento dos Vingadores, o Visão traiu sua programação e ajudou os poderosos mortais a derrotar seu criador.',85,1,3,4,NULL,'visao.jpg'),(10,'Reed Richards','Senhor fantástico',5,'Sendo o líder da expedição a outro sistema solar, foi bombardeado por radiação cósmica, o que provocou alterações mutagênicas no seu corpo. Reed Richards descobriu que seu corpo havia se tornado maleável e que agora ele tinha a capacidade de alongar o seu corpo à vontade. Decidiu convenceu que os quatro presentes na expedição deveriam usar seus novos poderes para o bem da humanidade como membros de uma equipe chamada de Quarteto Fantástico. É um dos humanos mais inteligentes vivos.',85,1,1,2,NULL,'srFantastico.jpg'),(11,'Desconhecido','Capitã universo',1,'Capitã Universo não é uma pessoa. Em um sentido, não é uma pessoa - é o Uni-Power (um aspecto da Força Enigma e uma manifestação do próprio Universo, um campo de energia sensível que procura pessoas em grande perigo e se liga com eles. Em outro sentido, é o potencial de heroísmo que vive em cada um de nós. Quando a Uni-Power escolhe um parceiro, dá essa pessoa os poderes, memórias e trajes do Capitão Universo até que o perigo seja superado. No entanto, se o parceiro tentar usar esses poderes para ganhar pessoal ou para o mal, a Uni-Power imediatamente se desassocia dele.',1000,1,2,0,NULL,'capitaUniverso.jpg'),(12,'Maximus Boltagon','Maximus, o louco',1,'Maximus, apesar de ser considerado o vilão nasceu na família real. Filho mais novo dos melhores geneticistas de Attilan, assim como seus companheiros Inumanos, ainda quando era criança foi exposto as névoas terrígenas para poder sofrer sua mutação e despertar seus poderes.',45,3,1,6,'Attilan','maximus.jpg'),(13,'En Sabah Nur','Apocalipse',4,'Mesmo como uma criança, ele inspirava medo, tendo nascido com a pele cinza e com linhas azuis percorrendo seus lábios e rosto. Feio e malformado, o bebê foi abandonado para morrer no deserto e adotado por uma tribo de bandidos. Conforme crescia, superou os outros membros da tribo em inteligência e força, acreditando no princípio pelo qual Baal e a tribo viviam, que só os mais fortes, resistente, cruéis e impiedosos, testados por dificuldades, iriam, e deveriam sobreviver. A partir de então, Nur planejou a conquista do planeta, causando guerras e conflitos, onde os fortes iriam derrotar e destruir os fracos. Ao longo dos séculos, foi adorado por muitas civilizações, sob uma variedade de nomes.',96,2,1,8,NULL,'apocalipse.jpg'),(14,'Thanos','Thanos',1,'Criou um plano para recuperar a afeição da Morte: ele daria a \"ela\" mais do que qualquer ser vivo já a deu, a aniquilação de tudo o que vive. Para este fim, ele acumulou uma enorme frota de naves de guerra. Ele então encontrou uma maneira de ampliar imensamente o seu próprio poder. Tendo mantido o planeta Terra sob vigilância desde que a primeira arma nuclear foi explodida, Thanos descobriu um objeto chamado Cubo Cósmico, o qual tomou controle do dispositivo de alteração de realidade e o comandou a dar-lhe controle sobre o universo.',350,2,1,1,NULL,'thanos.jpg'),(15,'Nathaniel Richards','Kang',5,'Nathaniel Richards nasceu no século 30 da Terra-6311, uma realidade aonde a humanidade nunca entrou na idade das trevas. A intervenção de seu eu futuro, como Kang, o Conquistador, fez com que o jovem tentasse prevenir sua eventual transformação. No entanto, ele eventualmente retornou a seu tempo nativo para finalmente seguir o seu caminho destinado, possivelmente com suas memórias apagadas, no entanto nessa época não existe nenhuma explicação conclusiva e os eventos que levaram a isso ainda não foram registrados.',150,2,1,1,NULL,'kang.jpg'),(16,'Ultron','Ultron',5,'Contruído pelo Dr. Hank Pym dos Vingadores enquanto o famoso cientista estava fazendo experiências com robótica de alta inteligência. Ultron se tornou senciente e se rebelou, no intuito de acabar com a vida orgânica do universo ela vida cibernética. Constantemente altera sua estrutura para ficar mais resistente e poderoso.',71,2,3,6,NULL,'ultron.jpg'),(17,'Dormammu','Dormammu',3,'Nascido há milhares ou até mesmo milhões de anos atrás na dimensão das poderosas entidades energéticas Dormammu e sua irmã Umar reuniram matéria para aumentarem seus poderes, uma prática abominada que no fim o expulsou de sua dimensão natal. Assumindo uma forma humana para explorar outras dimensões. Sua busca por conquistas os levou para a Dimensão Negra, um reino místico cheio de portais naturais para universos de bolso dentro da própria dimensão. No momento da chegada foi oferecido a ele um lugar para ficar e poder em troca do conhecimento de como quebrar barreiras dimensionais e absorver outras dimensões em seu domínio em troca de não causar a destruição do lugar.',100,2,3,2,NULL,'dormammu.jpg'),(18,'Nathaniel Essex','Senhor sinistro',4,'Nathaniel Essex era um biólogo na Inglaterra vitoriana. Seguia os pensamentos de seu colega Charles Darwin relativo à teoria da evolução das espécies. Mas ele ia além: acreditava que estava por vir uma grande mutação na humanidade. Onde os mais evoluídos sobrepujariam a humanidade defasada. Ele se depara com alguns mutantes entre eles Apocalipse, sustentando sua teoria. Essex fazia experimentos nada ortodoxos com seres humanos, usando-os como cobaia para estudos para a criação de seres superiores. Quando seus experimentos foram descobertos, foi banido da Sociedade Real e, ao tentar retornar à sua família, foi rejeitado por sua moribunda esposa que acabara de perder o segundo filho durante o parto. Em seus últimos suspiros Rebecca, abismada com as atrocidades de seu marido, o chama de sinistro. E isto o marca profundamente, fazendo o focar somente na sua ideologia.',56,2,1,9,NULL,'senhorSinistro.jpg'),(19,'Robert Reynolds','Vácuo',3,'O Vácuo ficou conhecido por se transformar em figuras que assustavam seus adversários. Ele foi visto como uma besta de fogo, como um monstro com diversos olhos, e como outras criaturas demoníacas, embora sua forma mais comum fosse uma figura negra levitando sobre tentáculos que pareciam ser feitos de escuridão. Ele tinha controle sobre o tempo e as trevas e pôde criar tempestades maciças e devorar almas. O Vácuo também usava seus tentáculos para inserir o medo e fazer seus oponentes reviver momentos traumáticos em suas vidas, do passado ou até mesmo o futuro. Como o oposto do Sentinela, o Vácuo adquiriu seu poder das trevas e não da luz.',94,2,1,3,NULL,'vacuo.jpg'),(20,'Robert Reynolds','Seninela',3,'Tomou uma fórmula poderosa que alteraria seu organismo em nível molecular. Foi aí que percebeu que havia ganhado poderes equivalentes a \"um milhão de sóis explodindo\". Seu primeiro ato antes de fazer um uniforme para si e estrear como o Sentinela foi dar uma surra no valentão que o atormentava no colégio. Porém, seus traumas fizeram originar-se o seu maior inimigo: Vácuo, o seu lado sombrio, que, originariamente, alimentava-se dos medos profundos de seus inimigos. Numa aparição, o Vácuo disse que quem era Robert Reynolds era ele, e não o Sentinela, pois esse não passava do lado bom que se materializou.',120,1,1,1,NULL,'sentinela.jpg'),(21,'Galan','Galactus',1,'Quando o cosmos estava indo ao encontro do seu fim natural, Galan foi então abordado pela incorporação do Sexto Infinito, a Senciência do Multiverso, que fundiu sua essência com o Galan mortal, dando assim origem a uma nova entidade que sobreviveria ao multiverso. Renovação: Galactus, o Devorador de Mundos. Possui dentro dele um poder além da compreensão e acaba sendo forçado a consumir mundos inteiros para saciar sua fome de energia que sustenta sua vida.',96,2,1,3,NULL,'galactus.jpg'),(22,'Howard Duckson','Howard, o pato',3,'Howard, o Pato, é um alienígena inteligente, dotado com um sarcasmo afiado e uma mente brilhante que lhe permite escapar de situações incríveis. Ele é um campeão de \"quack-fu\", uma arte marcial especial do Mundo dos Patos, mas, na Terra, suas técnicas não são tão eficazes.',32,1,1,12,'Duckworld','howard.jpg'),(23,'Amora','Encantor',3,'Encantor nasceu em Asgard e aprendia feitiçaria com Karnilla, a Rainha dos Nornes, até que esta a mandasse embora. Ela continuou nos estudos por si própria, principalmente no que consistia em explorar a sedução e o controle mental de pessoas. Encantor utiliza em sua magia diversos artefatos místicos, como poções e cristais. Tem sido um espinho nos pés de Thor durante anos, se destacando como uma das melhores feiticeiras de Asgard, temida por muitos deuses e criaturas, pobre almas aquelas que cruzaram seu caminho.',45,2,2,14,'Asgard','encantor.jpg'),(24,'Davos','Serpente de Aço',3,'Um talentoso aluno das artes marciais, Davos foi um dos dois últimos candidatos para o direito de contestar pelo poder do Punho de Ferro, mas foi derrotado em combate único por Wendell Rand, filho adotado do governante de K\'un-L\'um. Acusando o governante de favorecer injustamente seu filho e deixou a cidade sem permissão para enfrentar o dragão Shou-Lao. Falhando em derrotar o dragão, ele voltou a K\'hun-Lun em desgraça e foi exilado para a Terra. Anos depois, ele rastreou o Punho de Ferro em Nova York e roubou seu poder, possuindo-o até que fosse consumido.',36,3,1,29,'K\'hunLlun','serpenteDeAco.jpg'),(25,'Cain Marko','Fanático',3,'Ao desertar de sua tropa na guerra da Coreia, Cain descobriu, em uma caverna no Camboja, o cristal do demônio Cyttorak. Charles Xavier, seu irmão adotivo, foi atrás de Cain, mas não conseguiu impedi-lo. O cristal deu a ele os poderes das faixas escarlates de Cyttorak. Juntamente com a raiva de Cain pelo mundo, se torna o fanático, um ser de força destrutiva que deseja eliminar tudo que fica em seu caminho.',89,2,1,14,NULL,'fanatico.jpg'),(26,'Johnathon Blaze','Motoqueiro fantasma',3,'Johnathon Blaze era um artista de manobras em motocicletas que aceitou hospedar a alma de Zarathos, em troca da salvação de Barton Blaze, pai biológico de Blaze e dono do local de exibições das motos. Com a morte do seu pai e depois da luta do controle mental do demônio Mephisto, decidiu usar seus poderes de espírito de vingança para lutar contra as forças malignas sobrenaturais. Possui a capacidade de modificar os veículos que utiliza e invocar o fogo do inferno para incendiar as coisas.',78,1,1,13,NULL,'motoqueiroFantasma.jpg'),(27,'Owen Reece','Homem molecular',3,'Owen Reece era uma pequena, tímida e frágil criança do Brooklyn, Nova Iorque, com obsessão por sua mãe. Ele cresceu e se tornou um adulto retraído e solitário, piorando sua insegurança depois da morte da mãe. Empregado como técnico de laboratório na Acme Atomics Corporation, Reece estava descontente com as longas jornadas de trabalho e os baixos salários e em sua distração acabou por causar um acidente: ativou um gerador de partículas experimental e acabou bombardeado por uma radiação desconhecida. A radiação provocou-lhe mutações, liberando seu potencial poder psiônico em escala cósmica. Reece agora podia controlar toda a matéria até o nível molecular, e toda a energia. Seu rosto ficou marcado pelo acidente, com cicatrizes que se assemelharam a relâmpagos. Reece adotou o nome de Homem Molecular.',99,3,1,2,NULL,'homemMolecular.jpg'),(28,'Victor Von Doom','Destino',3,'Quando ainda era uma criança, ele descobriu os artefatos místicos da mãe e começou a estudar as artes ocultas e também a desenvolver seu talento nato para a ciência. O foco da pesquisa de Doom era construir um dispositivo transdimensional de projeção com que poderia se comunicar com sua falecida mãe. Seu dispositivo explodiu, marcando sua face com uma longa cicatriz que sua vaidade encarava como uma desfiguração horrenda. Recusando-se a reconhecer sua própria culpa no ocorrido, responsabilizou Richards pelo acidente, achando mais fácil de acreditar que Reed sabotara seu trabalho por inveja. Comando como um ditador a província da Latvéria.',81,3,1,7,'Latvéria','destino.jpg'),(29,'Wanda Django Maximoff','Feiticeira escarlate',3,'Wanda Maximoff foi sequestrada da Sérvia e trazida paraa base do Alto Evolucionário, que depois de se assustar com os resultados de experimentos os devolveu a a cidade de Wundagore. Como adolescentes, Wanda e seu irmão Pietro descobriram que tinham habilidades sobre-humanas incomuns. Quando Django começou a roubar comida para alimentar sua família faminta, aldeões enfurecidos atacaram o acampamento cigano. Usando sua velocidade fenomenal, Pietro fugiu do local com sua irmã. As circunstâncias da separação dos dois de sua família eram tão traumáticas que somente na idade adulta eles puderam se lembrar de qualquer coisa, exceto os melhores detalhes de sua infância. Nos próximos anos, Wanda e Pietro perambularam pela Europa Central até se integrarem aos vingadores.',78,1,2,11,NULL,'feiticeiraEscarlate.jpg'),(30,'Daniel Thomas Rand','Punho de ferro',3,'Após perder os pais num acidente de avião, foi adotada pelo povo de K’hun-Lun. Aos dezenove anos, Rand foi dada a oportunidade de ganhar o poder do Punho de Ferro. Ele foi enviado para lutar contra a enorme dragão chamada Shou-Lao, o Imortal, que vive em uma caverna fora da cidade e que ferozmente protege um braseiro contendo seu coração. Ao derrotar o dragão suas mãos brilharam com uma força quase mística e ele ganhou o título de \"Punho de Ferro\", podendo agora invocar energia sobre-humana para reforçar o poder dos golpes desferidos por suas mãos.',68,1,1,7,'K\'hun-Lun','punhoDeFerro.jpg'),(31,'Stephen Strange','Doutor estranho',3,'Depois que um acidente de carro que danifica severamente suas mãos e dificulta sua capacidade de realizar uma cirurgia, ele viaja pelo mundo por uma maneira de conseguir a cura e encontrar o Ancião. Depois de se tornar um dos antigos alunos do Mago Supremo, ele se torna um praticante tanto das artes místicas como das artes marciais. Além de conhecer muitos feitiços poderosos, ele tem uma roupa com dois objetos místicos ( o Manto da Levitação e o Olho de Agamotto) que lhe dão poderes adicionais. Stephen é auxiliado ao longo do caminho por seu amigo e valete, Wong, e uma grande variedade de objetos místicos. Ele passa a residir em uma mansão chamada Sanctum Sanctorum, localizada na cidade de Nova York. Mais tarde, Strange ganha o título de Mago Supremo.',87,1,1,5,'Nova York','doutorEstranho.jpg'),(32,'Wade Winston Wilson','Deadpool',4,'Deadpool, cujo nome verdadeiro é Wade Winston Wilson, é um mercenário canadense marcado por ser falastrão (ao ponto de ser também conhecido por \"Mercenário Tagarela\") e violento. Conhecido por sua capacidade de destruição, humor extremamente ácido, referências satíricas culturais e ocasionalmente a quebra da quarta parede é um produto do Projeto Arma X, do governo canadense. Wade foi submetido a diversas torturas experimentais nesse Projeto e devido a isso possui uma aparência horrenda e um fator de cura que o torna quase imortal. ',63,3,1,3,NULL,'deadpool.jpg'),(33,'Francis Saulo  Castle','Justiceiro',2,'Justiceiro é um vigilante italo-americano que usa o assassinato, o rapto, a extorsão, a coerção, as ameaças violentas e a tortura na sua guerra contra o crime. Impulsionado pelas mortes da sua esposa e dos seus filhos durante um tiroteio da Máfia Americana no Central Park, Nova Iorque, ele  move-se numa guerra de um só homem contra a máfia e todos os criminosos usando todo o tipo de armamento de guerra. Os assassinos da sua família foram as suas primeiras vítimas. ',39,3,1,26,NULL,'justiceiro.jpg'),(34,'Loki Laufeyson','Loki',1,'Loki é o filho de Laufey, rei dos Gigantes de Gelo de Jotunheim, sendo rejeitados pelos gigantes, foi levado para ser cuidado como um filho por Odin. Ao longo de sua infância e adolescência, Loki ficou ressentido com o quão diferentemente ele e Thor foram tratados pela cidadania geral de Asgard, se dedicou a feitiçaria. Possuindo uma afinidade natural por comandar grandes forças mágicas, ele planejou usar seu poder para destruir Thor e se tornar o mais poderoso em todos os Asgard.',68,3,1,11,'Asgard','loki.jpg'),(35,'Edward Charles Allan Brock','Venom',1,'Apesar de ter seu lado como vilão, Venom também é um anti-herói. Seu hospedeiro é Eddie Brock. Venom é um simbionte alienígena formado a partir de um líquido, material orgânico espesso. Sua característica marcante, além do uniforme negro, é a desproporcional e assustadora mandíbula. Antes de fundir-se ao simbionte e tornar-se Venom, Eddie Brock era repórter do jornal O Clarim Diário, e foi demitido devido a publicar fotos falsas do Homem-Aranha.',75,3,1,6,NULL,'venom.jpg'),(36,'James Buchanan Barnes','Soldado Invernal',2,'Antigo parceiro do Capitão América que foi dado como morto ainda na Segunda Guerra Mundial. Bucky não se lembrando de sua identidade, teve sua mente reprogramada o que o transformou em um assassino conhecido por Soldado Invernal. Ele foi enviado por todo o globo, cometendo assassinatos políticos com enormes efeitos durante os anos. No entanto, sua implantação de memória causou instabilidade mental e ele foi trazido para o lado dos vingadores após uma disputa com Steve Rogers no presente.',48,3,1,28,NULL,'soldadoInvernal.jpg'),(37,'Namor McKenzie','Namor, o submarino',4,'Namor é filho da princesa Fen ( herdeira direta do trono de Atlântida) e do norte-americano Leonard McKenzie. A espécie humanóide da qual Namor pertence é chamada de Homo mermanus. Ppossui uma fisiologia completamente anfíbia adequado para pressões extremas submarinas, força sobre-humana, velocidade, agilidade, durabilidade, voo e longevidade. Namor tem a capacidade de sobreviver debaixo d\'água por períodos indefinidos, e visão especialmente desenvolvido que lhe dá a capacidade de ver claramente nas profundezas do oceano.',98,3,1,2,'Atlântida','namor.jpg'),(38,'Eric Brooks','Blade',3,'Por um vampiro se alimentar da sua mãe durante o parto, nasceu com alguns dons vampíricos como a força e agilidade extraordinárias. Diferente dos verdadeiros vampiros, Blade pode andar à luz do dia; por outro lado às vezes ele é tentado pela mesma sede de sangue. Persegue e executa vampiros para vingar a morte de sua mãe e para que casos como o dele não venham a acontecer novamente.',54,3,1,8,NULL,'blade.jpg'),(39,'Elektra Natchios','Elektra',2,'Elektra é uma assassina altamente treinada, de ascendência grega, e usa um par de sais como a sua arma de marca. Teve um rápido romance Demolidor, que acabou com a morte de seu pai. Traumatizada, Elektra resolve voltar para a Grécia e se torna extremamente cruel em função da dor causada pela perda do pai. Elektra acaba sendo morta e revivida pelo clã ninja Tentáculo, e novamente treinada por Stick e os Virtuosos.',36,3,2,23,NULL,'elektra.jpg'),(40,'Marc Spector','Cavaleiro da lua',3,'Marc Spector era um ex-pugilista e fuzileiro naval, que trabalhou na CIA até seu irmão ser assassinado. Com o ocorrido, abandonou a carreira militar e tornou-se um mercenário. Em uma de suas missões, ele teve de ir para o Egito com o terrorista Raul Bushman procurar o templo do deus da lua, Konshu. Sendo traído e ferido por Bushman, foi deixado para morrer no templo. O mercenário não resistiu aos ferimentos e acabou morrendo. Nesse momento, Konshu lhe deu a chance de voltar a vida, caso aceitasse se tornar seu avatar na Terra. Concordando, retornou com os poderes do arauto da lua. Depois de derrotar o terrorista que o matou, decide ir a Nova York e usar suas novas habilidades para combater o crime, utilizando um traje que homenageia o deus da lua e adotando a identidade de cavaleiro da lua.',79,3,1,6,'Nova York','cavaleiroDaLua.jpg'),(41,'Norman Virgil Osborn','Duende verde',5,'O Duende Verde é a manifestação da insanidade gerada pela indução de substâncias químicas no cientista Norman Osborn, dono da Oscorp. Ele descobriu a identidade do Homem-Aranha e apesar de não se lembrar sempre dela em função de suas periódicas voltas à sanidade, ao novamente sucumbir à loucura ele sempre usava a estratégia de atacar Peter Parker aterrorizando seus amigos e amores. O soro concede força, agilidade e resistência (o suficiente para resistir a disparos de armas de médio calibre), mas acaba perturbando a sua mente em maior ou menor grau.',56,2,1,26,'Nova York','duendeVerde.jpg'),(42,'Cletus Kassady','Carnificina',1,'Cletus justifica seus atos com uma absurda filosofia de que lei e ordem são perversões. Agindo como assassino em série, foi preso pelas autoridades e na prisão teve como companheiro de cela Eddie Brock, hospedeiro do Venom. Quando Venom escapou da prisão, deixou um fragmento do alienígena pelas paredes da cela, esse que eventualmente veio a se fundir com Cletus, e foi dessa união que surgiu Carnificina. O simbionte acabou por ampliar a natureza psicótica de Cletus, tornando-o ainda mais mentalmente instável e perigoso. E ainda, como essa cria do simbionte original nasceu na Terra possui pouca vulnerabilidade ao som, tornando assim o Carnificina um páreo duro para inimigios.',82,2,1,4,NULL,'carnificina.jpg'),(43,'Emil Blonsky','Abominável',5,'Emil Blonsky foi um agente da KGB que tentou emular os efeitos da Radiação Gama. Cumprindo uma missão de espionagem em uma base da Força Aérea no Novo México, descobriu uma máquina projetada pelo cientista Bruce Banner, o Hulk, e utilizou a radiação sobre si mesmo. Porém, aparentemente, a dose de radiação lançada sobre ele foi muito maior do que e o efeito tornou-se irreversível, mantendo o militar com aparência disforme e poderes sobre-humanos que chegam a superar os do Hulk, porém, não conseguindo aumentar suas capacidades quando se enfurece. Adotando o nome de Abominável, Emil se afastou de sua esposa Nádia, com medo de sua reação ao vê-lo naquele estado.',71,2,1,19,NULL,'abominavel.jpg'),(44,'Johann Shmidt','Caveira vermelha',2,'Hitler encontrou Schmidt quando este trabalhava como camareiro em um hotel onde o líder nazista se hospedou. Hitler o treinou pessoalmente, oferecendo ao final do processo uma máscara vermelha no formato de um crânio e o nome que carrega até hoje (simbolo da supremacia nazista). Sua reputação era tão grande que chegou a assustar seu próprio criador. Nos EUA ele conhece o Capitão América e se torna seu principal adversário.No final da guerra o Capitão América localizou sua casamata oculta, e durante a batalha que se segue o vilão fica preso em um desabamento, sendo atingido por uma mistura de gases que vaza da parede, ficando preservado em animação suspensa, dando-lhe algumas capacidades sobre-humanas. ',53,2,1,25,NULL,'caveiraVermelha.jpg'),(45,'Yuriko Oyama','Lady letal',2,'Quando criança teve seu rosto desfigurado pelo seu pai numa espécie de ritual. Yuriko juntou forças para libertar seu amado, Kiro, da servidão ao pai dela, se vingar por suas cicatrizes e pela morte de seus irmãos. No momento em que Youriko mata seu pai, o devotado Kiro escolhe o suicídio para honrar ao seu mestre. Entristecida, Yuriko postumamente abraçou os ideais de seu pai e procura matar qualquer um que o desonre. A trilha dela acaba por levar à \"loja de corpos\" de Spiral, onde recebeu extensivas melhorias cibernéticas, incluindo ossos e unhas de adamantium.',48,2,2,2,NULL,'ladyLetal.jpg'),(46,'Giuletta Kristina Nefaria','Madame máscara',2,'Whitney foi forçada a trabalhar para seu , se tornando a líder da organização Maggia. Ela tentou se infiltrar nas Indústrias Stark utilizando seus encantos para seduzir o agente da S.H.I.E.L.D. Jasper Sitwell. Seus planos deram errado, pois ela acabou realmente desenvolvendo sentimentos românticos por Sitwell. Seus planos desmoronaram ainda mais quando ela se envolveu em um acidente, salvando Sitwell e seu rosto foi permanentemente desfigurado. Acabou por se afiliar a organização Mordecai Midas e adquiriu uma máscara de ouro para cobrir seu rosto cheio de cicatrizes. Isto resultou em mais um codinome para ela: Madame Máscara.',58,2,2,13,NULL,'madameMascara.jpg'),(47,'Wilson Grant Fisk','Rei do crime',2,'Fisk decidiu que para atingir o sucesso deveria utilizar técnicas políticas em organizar e dirigir grupos de criminosos e por isso é reconhecido como \"rei do crime\" político. Embora Fisk sempre teve prazer em combate físico com seus inimigos, ele sempre reconheceu a necessidade de nunca se colocar numa situação em que a lei possa provar a sua responsabilidade pelos crimes. Como resultado, acredita-se que Fisk nunca tenha sido condenado. E mesmo que tenha construído um vasto império de negócios legítimos em vários campos, ele ainda declara em público ser meramente um \"humilde comerciante de especiarias.\"',67,2,1,18,'Nova York','reiDoCrime.jpg'),(48,'Otto Gunther Octavius','Doutor octopus',5,'Otto Octavius criou tentáculos mecânicos para ajudá-lo com seu trabalho nuclear. Depois que uma explosão de laboratório o deixou hospitalizado, Otto despertou para se encontrar capaz de controlá-los telepaticamente, e logo percebeu que, com sua nova habilidade e seu já ótimo intelecto, ele poderia ser o melhor que existe. Porém com  o tempo o uso da tecnologia vai o deixando fora de si, muitas vezes sendo considerado até como louco.',83,3,1,13,NULL,'doutorOctopus.jpg'),(49,'Sergei Nikolaevich Kravinoff','Kraven, o caçador',2,'Kraven decidiu usar sua fortuna para fazer fama nos Estados Unidos e, principalmente, na África, como o maior caçador da história. O Caçador estava sempre preparado para um desafio, por isso, quando o Camaleão o convidou para ir até a selva de pedra de NY caçar sua presa mais perigosa, ou seja, o Homem-Aranha. Kraven aceitou. Ao contrário dos demais vilões, Kraven não tem o objetivo de ficar milionário ou dominar o mundo. Ele já tinha toda a riqueza que queria (herdada do legado dos Kravinoff) e a conquista mundial não era algo que lhe atraía. Seu único objetivo é subjugar o único espécime que o derrotara.',37,2,1,19,NULL,'kraven.jpg'),(50,'K\'lrt','SuperSkrull',1,'Depois que o Quarteto Fantástico impediu que os seres da raça Skrull atacassem o planeta Terra, o imperador Dorreck investiu vastos recursos para criar um indivíduo capaz de derrotá-los. K\'lrt, um grande soldado e guerreiro do império, foi então escolhido para se submeter a um procedimento que faria com que ele obtivesse todos os poderes do Quarteto, com exceção de quando ele é alimentado por um feixe interestelar, tornando-o capaz de manipular energia cósmico também. Ao perder a confiança do império Skrull, SuperSkrull é, definitivamente, exilado.',67,2,1,20,'Planeta skrull','superSkrull.jpg'),(51,'Thor Odinson','Thor',1,'Filho de Odin, o deus supremo de Asgard, Thor Odinson tinha comportamento arrogante e impulsivo e, em uma de suas aventuras, cometeu uma grave falta. Para punir o filho e lhe ensinar a virtude que lhe faltava, este o baniu para Midgard (a Terra), apagando sua memoria e tirando seus poderes. Assim nasceu o Doutor Donald Blake, com as memórias de uma vida humana, sem saber quem era na verdade. Sendo um talentoso médico, porém manco de uma perna, Thor foi, pouco a pouco, aprendendo a lição da humildade até que seu destino se cumpriu. Assim, Midgard ganhou mais um poderoso defensor, pois a compaixão de Thor com os mortais fez com que ele preferisse, por várias vezes, continuar em Midgard à retornar definitivamente à Asgard, mesmo recebendo punições de Odin (tais como a vez em que foi privado de metade de seus poderes).',120,1,1,4,'Asgard','thor.jpg'),(52,'Beta Ray Bill','Bill Raio Beta',1,'Bill Raio Beta pertence à raça alienígena korbinita, que teve de fugir de seu planeta natal, que seria destruído, iniciando uma viagem em estase. Antes da viagem, Bill foi modificado geneticamente para receber poderes a fim de defender sua raça durante a fuga. Thor intercepta a nave de Bill Raio Beta, mas é atacado por este, que o confunde com um inimigo. Durante a batalha, Bill consegue empunhar Mjölnir, ganhando os mesmos poderes divinos de Thor. Os dois guerreiros reivindicam a posse de Mjölnir, e Odin decide resolver o impasse através de um duelo entre os dois. Bill Raio Beta vence, mas não se sente bem em possuir o martelo, mesmo precisando dele para salvar sua raça. Assim, Odin cria um novo martelo, chamado \"Rompe Tormentas\" e o entrega a Bill, dando-lhe poderes semelhantes ao de Thor. Desde então, Bill e Thor tornaram-se aliados.',86,1,3,10,NULL,'billRaioBeta.jpg'),(53,'Carol Susan Jane Danvers','Capitã marvel',1,'Carol Danvers  apareceu pela primeira vez como uma oficial da Força Aérea dos Estados Unidos e colega do super-herói kree Mar-Vell. Mais tarde, Danvers tornou-se a primeira personagem a usar a alcunha Ms. Marvel depois que seu DNA foi fundido com o de Mar-Vell durante uma explosão, dando-lhe poderes sobre-humanos. Carol percebe o que Mar-Vell, que se sacrificou para salvar a realidade, significa para ela e decide tomar o seu legado, se tornando a nova Capitã Marvel. A personagem também é conhecido como Binária, Warbird em vários pontos de sua história. Nos últimos tempos, Danvers foi rotulada como \"a maior heroína da Marvel” e possivelmente o \"membro dos Vingadores mais poderoso\".',130,1,2,2,NULL,'capitaMarvel.jpg'),(54,'Adam Warlock','Adam Warlock',1,'\"Ele\" era uma criatura artificial nascida em um casulo como parte de uma experiência de cientistas renegados que formaram a organização conhecida como Enclave e o complexo científico chamado de Colméia O objetivo dos cientistas era criar o \"ser humano perfeito\", sob o controle deles. Warlock então é transportado para a Contra-Terra, uma cópia da Terra original criada pelo Alto Evolucionário, sendo esse que dá a \"Ele\" o seu novo nome (Adam, numa referência ao bíblico Adão e Warlock (Bruxo), para que os homens temessem seu poder). Adam recebe e a coloca na testa a misteriosa Joia da Alma cujo poder mudará sua vida e então vagueia no espaço, para continuar a cumprir o seu papel de \"Messias\" cósmico em diferentes planetas.',200,1,1,3,NULL,'adamWarlock.jpg'),(55,'Peter Jason Quill','Senhor das estrelas',5,'Peter Quill foi concebido como resultado do amor entre a terráquea Meredith Quill e o Imperador Spartoi da época, J\'son ( que o abandonou antes mesmo de nascer). Sendo sua mãe morta por alienígenas ele decidiu se jogar ao espaço para vingar a morte de sua mãe. Deixando seu planeta natal, entrou para a  tripulação de piratas de Yondu, que só o aceitou por descobrir que Peter era como ele, um garoto sem lar. Após o grupo de piratas serem presos, ele decidiu desistir de sua perseguição por vingança e, assim que a Colônia Astério foi estabelecida no planeta Xerxes, ele partiu para encontrar o seu destino nas estrelas como o \"Senhor das Estrelas\".',86,1,1,13,NULL,'senhorDasEstrelas.jpg'),(56,'Groot','Groot',1,'Groot era um Colossus Floral do Planeta X, a capital dos mundos das plantas. Groot não se dava bem com seus companheiros, preferindo a companhia dos \"Mamíferos de Manutenção\", que as outras mudas tratavam com preconceito. Depois que mata um outro rebento para defender um mamífero de manutenção que estava sendo machucado, bem como liberar um sujeito humano que foi sequestrado para fins científicos, ele é exilado do planeta pelos \"Mestres Arbóreos\". Sem ter pra onde ir, Groot começa a explorar outras galáxias. Em sua idade adulta é prontamente capturado e aprisionado. Enquanto na prisão, ele começa uma amizade com Rocket Raccoon e é designado para uma equipe de operações secretas liderada pelo Senhor das Estrelas. Em meio a batalha, seu corpo é destruído, mas um pequeno galho dele fica preservado, Groot agora pequeno, passa a viajar sob os cuidados de Rocket, assim, ele consegue voltar a crescer com o tempo.',96,1,3,1,NULL,'groot.jpg'),(57,'Rocket Raccoon','Rocket Raccoon',5,'Ele é um guaxinim antropomórfico inteligente, atirador habilidoso e grande estrategista, sua fisiologia de Guaxinim lhe dá habilidades acima das habilidades humanas como um grande estrategista. Rocket Raccoon atuou como o \"Guardião do Quadrante Keystone\", uma área do espaço isolada do resto do cosmos pelo chamado \"Muro Galático\". Mais tarde, Rocket é preso pelos Kree no planeta Aladon Prime. Onde conhece aquele que seria seu grande parceiro, Groot. Em Aladon Prime, ele é apresentado a Peter Quill, como um dos membros de uma equipe comandada por Peter para combater os Phalanx, que haviam tomado o Império Kree. Sendo a partir daí um dos novos protetores do universo.',46,1,1,22,NULL,'rocketRacoon.jpg'),(58,'Gamora Zen Whoberi Ben Titan','Gamora',2,'Gamora é a última de sua espécie, a \"Zen Whoberi\", que foram exterminados. Thanos a encontrou quando criança e decidiu criá-la e usá-la futuramente como uma poderosa arma, sendo sempre muito leal a ele que prometeu a ela a oportunidade de vingar a morte de sua família. Ela se tornou muito hábil nas artes marciais, ganhando o apelido de “A mulher mais mortal em toda a galáxia”. Eventualmente, Thanos revelou-se uma ameaça muito grande e ela decidiu impedir que Thanos destruísse toda a vida no universo. Um tempo depois, Gamora foi aprisionada por Magus quando ele havia forjado sua morte e de vários outros Guardiões. Logo, ela foi resgatada e convidada pelo Senhor das estrelas para integrar os Guardiões da Galáxia.',86,3,2,11,NULL,'gamora.jpg'),(59,'Hela','Hela',1,'Hela (Hel ou Hell) é a deusa do Reino dos Mortos, igualmente designado por Helheim. É filha de Loki e da gigante Angurboda, irmã mais nova de Fenrir e da serpente Jörmungandr, do oceano que circunda Midgard. Hela muitas vezes tentou expandir seu poder sobre os mortos que habitam no Valhalla. Essas tentativas, não raro, puseram-na em conflito com Odin e Thor. Uma vez ela apareceu diante de Thor quando ele estava à beira da morte, após enfrentar o Destruidor, que derrubou um edifício sobre ele enquanto o campeão de Midgard estava enfraquecido.  No entanto, ela falhou em seu intento de adentrar em Valhalla, apesar de ter visualizado alguns de seus habitantes.',98,3,2,6,NULL,'hela.jpg'),(60,'Brunnhilde','Valquíria',1,'Uma Aasgardiana de nascimento, Valquíria, também conhecida por seu nome real, Brunnhilde, foi selecionada por Odin para liderar o Valkyrior . Entre seus outros aliases estão Barbara Denton-Norriss, Samantha Parrington, Sian Bowen e Annabelle Riggs - todos corpos que serviram de anfitrião ao espírito de Brunnhilde. Samantha Parrington, uma anfitriã precedente de Brunnhilde, mais tarde recebeu os poderes da Valkyrie e tornou-se um membro dos próprios Defensores. ',79,1,2,13,'Asgard','valkiria.png'),(61,'Illyianna  Nikolievna Rasputin','Magia',3,'Illyana é irmã mais nova de Piotr Rasputin, o colossus dos X-men. Quandopequena, após seu irmão se juntar a equipe mutante foi raptada o que fez após ser resgata começar a viver junto com o irmão sofrendo influência direta dos ideais dos X-men. Não passou muito tempo e foi sequestarada novamente e de 6 anos, se tornou uma menina de 13 ao entrar em um portal dimensional para o Limbo. Neste período no Limbo, Belasco a cuidou ensinado mangia negra, destruiu sua infancia e lhe mostrou o poder dentro dela. Logo depois,  Tempestade ensinou tudo o que sabia sobre magia branca para Illyana e a tornou sua “discípula”. Com isso, ela fez de tudo para enfrentar as trevas dentro de si. Forjou uma Espada Espiritual e enfrentou Belasco, banindo-o do Limbo. Desde esse dia ela assumiu o codinome de Filha do Inferno e passou a dominar o Limbo e ajudar os X-men.',93,1,2,4,NULL,'magik.jpg'),(62,'James Logan Howlett','Wolverine',4,'É um mutante que possui sentidos afiados, capacidades físicas aprimoradas, habilidade regenerativa poderosa conhecida como fator de cura e três garras retratáveis de osso em cada mão. Como membro da Equipe X, Logan recebe implantes de memória falsa. Logan é subsequentemente sequestrado pelo programa Arma X, onde ele permanece cativo e experimentado até ele escapar. É durante sua prisão pela Arma X que ele tem adamantium fundido à força em seus ossos. James e Heather Hudson o ajudam a recuperar sua humanidade após sua fuga, e Logan começa a trabalhar como um agente da inteligência Canadense chamado Departamento H. Ele se torna Wolverine, um dos primeiros super-heróis do Canadá. Mais tarde, Professor Charles Xavier recruta Wolverine para uma nova iteração de sua equipe super-herói-mutante, os X-Men. Mais tarde, revelou-se que Wolverine tinha sido enviado para assassinar Xavier, que apagou as lembranças de Logan e forçou-o a se juntar aos X-Men.',113,3,1,9,NULL,'wolverine.jpg'),(63,'Jean Elaine Grey','Jean Grey',4,'Jean Grey quando tinha 10 anos de idade e estava brincando com sua melhor amiga, Annie Richardson, esta foi atingida por um automóvel. O trauma da situação despertou os poderes telepáticos latentes de Jean, fazendo com que ela acompanhasse todo desespero e terror da amiga moribunda, sentindo sua morte na própria mente. Este trauma fez com que, deprimida, Jean se isolasse de tudo e de todos. Quando chegou aos 11 anos, seus pais a levaram para ser tratada pelo Professor Charles Xavier. Consciente da situação de Jean, Xavier para evitar que Jean enlouquecesse, criou uma série de barreiras psíquicas a fim de evitar que ela usasse seus poderes telepáticos até estar madura o suficiente para controlá-los. Ao mesmo tempo, ele ensinou a garota a usar suas habilidades telecinéticas e, quando concluiu que ela havia dominado razoavelmente esse dom, sugeriu a seus pais que a matriculassem no Instituto Xavier para Superdotados. Finalmente, usando seus poderes telecinéticos, Jean foi integrada aos X-Men. ',99,1,2,3,NULL,'jeanGrey.jpg'),(64,'Scott Summers','Ciclope',4,'Quando Scott era uma criança teve que pular de um avião atacado por uma nave alienígena Shi\'ar, sua mãe Katherine Anne Summers sabendo que só tinha 2 paraquedas, prenderam-no e a seu irmão mais novo Alex em um paraquedas e empurraram-nos do avião, na esperança de que eles sobrevivessem. Infelizmente o paraquedas pegou fogo e Scott bateu a cabeça na aterrissagem. Esse acidente causou danos no cérebro de Scott, responsáveis por sua inabilidade em controlar seus raios ópticos, assim como por uma prolongada amnésia sobre sua infância, depois dos dois ficaram hospitalizados foram levados para um orfanato em Nebraska, dirigido pelo vilão Sr. Sinistro disfarçado. As constantes dores de cabeça de Scott, presentes desde o incidente, são diagnosticadas como problema de vista e Scott passa a usar um óculos de quartzo Rubi projetado secretamente por Sinistro. Ele é salvo por Charles Xavier, que o leva para seu Instituto e o torna um X-men.',84,1,1,16,NULL,'ciclope.jpg'),(65,'Hank McCoy','Fera',4,'A mutação de Henry manifestou-se inteiramente em sua adolescência e embora usasse seus poderes para se exceder nos esportes por um tempo, ele logo foi forçado a procurar um refúgio do ostracismo inevitável e da hostilidade irracional dos seres humanos normais. Seus pais, entretanto, foram contra a maré e sempre o apoiaram. Logo ele foi contactado pelo Professor Charles Xavier, que soube de seus poderes mutantes. Com sua sede insaciável de conhecimento e a necessidade de um refúgio, Hank se juntou à escola e aos X-Men, onde sob o tutela de Xavier, seus dias eram recheados de equações diferenciais, Proust e tarefas na Sala de Perigo. Nesse período ele recebeu o codinome de Fera. Posteriormente, o Fera sofreu uma mutação secundária, assumindo uma aparência mais felina. Isso o fez ficar muito deprimido por temer estar involuindo. Adicionalmente, a alteração levou sua namorada de longa data, Trish Tilby, a terminar com ele. Quando apareceram notícias de uma \"cura\" para mutações, ele considerou seriamente fazer o exame, mas mudou de ideia após uma \"prensa\" de seu companheiro de equipe Wolverine, pois concluiu que assim enviaria uma péssima mensagem a outros mutantes.',79,1,1,18,NULL,'fera.jpg'),(66,'Blackagar Boltagon','Raio negro',1,'Submetido a Névoa Terrígena (cuja propriedade é alterar o DNA dos organismos), enquanto ainda se encontrava no ventre da mãe, o inumano nasceu com estranhos poderes até mesmo para seus semelhantes. Quando criança, ele demonstrou certas habilidades de manipular energia, as quais ainda não conseguia controlar, e provocou com a voz descargas sônicas de grande poder destruidor. Para proteção da comunidade, ele foi confinado no interior de uma câmara a prova de som e recebeu uma vestimenta capaz de controlar seu poder. Lá foi instruído na arte de dominar suas habilidades até a idade de 19 anos, quando seu regresso à sociedade foi permitido. Um mês depois de receber a liberdade, Raio Negro descobriu que seu irmão, Maximus, estava preste a fazer um pacto com um emissário da raça Kree, tentando impedir que a nave kree escapasse, o inumano utilizou seu poder proibido e derrubou o veículo do céu. Quando a espaçonave caiu, chocou-se contra o edifício do parlamento matando vários membros do Conselho de Genética, inclusive seu pai. Maximus também sofreu conseqüências com o ocorrido: a reverberação do grito do irmão afetara sua sanidade, bloqueando os poderes mentais que ele possuía desde o nascimento. Apesar da culpa e de seus silenciosos protestos, Raio Negro foi obrigado a aceitar o manto de líder dos inumanos com 20 anos de idade.',100,1,1,2,'Attilan','raioNegro.jpg'),(67,'Max Eisenhadt','Magneto',4,'Max Eisenhardt foi perseguido junto com sua família, por serem de origem judaica. Após ver todos seus familiares serem mortos, foi mandado para o campo de concentração de Auschwitz onde trabalhou como Sonderkommando. Com muita dificuldade, ele reconstruiu sua vida após o fim da Segunda Guerra, porém ao ver sua filha ser queimada viva, ele utilizou seus dons de controle do magnetismo para matar todos que estavam no local, revelando pela primeira vez, seus poderes mutantes publicamente. Em um hospital em Israel, Max conheceu o Professor Charles Xavier. Os dois se tornaram aliados, com frequentes discussões sobre o rumo que os mutantes deviam ter. Após os dois resgatarem uma amiga mútua, Gabrielle Haller, do Barão Strucker se separou de Charles por ter visões conflitantes das dele, passando a assumir o nome de Magneto. Desde então, ele abandonou a crença na humanidade, passando a acreditar que somente dominando-a, os mutantes poderiam ter alguma chance de sobreviver. Max passa a atuar como terrorista, lutando a favor dos mutantes contra a humanidade. ',99,3,1,12,NULL,'magneto.png'),(68,'Charles Francis Xavier','Professor X',4,'Começa a ter crises de dor de cabeça quando as manifestações de seu poder começam a aparecer, sentiu sua mente recebendo pensamentos de milhões de pessoas de todo o mundo simultaneamente. Isso era mais do que ele poderia suportar, e o jovem Xavier foi forçado a aprender a bloquear seus poderes mentais para não enlouquecer. Com o passar dos anos e a evolução de seus dons mutantes, o jovem Charles passa a ter queda de seus cabelos como efeito colateral de seus poderes e ainda bastante jovem já se encontrava totalmente calvo. Ao usar seus poderes mentais, foi interceptado mentalmente por Amahl Farouk (o Rei das Sombras), que o desafiou a um duelo mental. Xavier o derrota, prendendo sua mente no plano astral e a partir dali descobriu que o objetivo principal de sua vida era fazer com que humanos e mutantes convivessem pacificamente e proteger o mundo de pessoas como Farouk. Depois, atravessou Tibete, onde lutou em uma caverna com um alienígena chamado Lúcifer, que o deixou paralítico esmagando suas pernas com uma rocha. Com isso percebendo que precisava de ajuda para disseminar seus ideais e decide criar os X-men.',76,1,1,26,NULL,'professorX.jpg'),(69,'Raven Darkholme','Mística',4,'Desde muito nova, Raven Darkholme aprendeu a ter controle sobre seu dom mutante de transmutação, podendo manter sempre falsa aparência extraterrestre. Incapaz de mostrar seu verdadeiro rosto, com medo de discriminação, Mística se tornou uma mestra em manipular as pessoas e mentir para garantir sua sobrevivência com os humanos. Mas usar seus poderes em prol da humanidade mostrou-se cada vez mais difícil e a cada insucesso ela ficava mais frustrada e raivosa. Em razão disso, passou a acreditar que a humanidade era sua ferrenha inimiga. Assim, ela veio a atuar como mercenária, trabalhando para a Hidra e, posteriormente, sendo a responsável pela segunda formação da Irmandade de Mutantes, que ganhou notoriedade ao tentar assassinar o Senador Robert Kelly, um ativista antimutante. Eles foram impedidos nessa e em muitas outras ocasiões pelos X-Men.',69,2,2,22,NULL,'mistica.jpg'),(70,'Medusalith Amaquelin-Boltagon','Medusa',1,'Após a morte de seus pais Raio Negro se tornou o rei dos Inumanos e a cidade de Attilan foi movida para a Área Azul da Lua. Raio Negro então se casou com Medusa e quando esta ficou grávida o Conselho Genético de Attilan recomendou que a gravidez deveria ser interrompida devido à possibilidade de a criança sofrer do mesmo tipo de insanidade de Maximus, irmão de Raio Negro. Medusa então desafiou o Conselho e fugiu para a Terra a fim de evitar um aborto forçado, vivendo no anonimato até que a criança nascesse, chamando-o de Ahura. Na Terra, se relacionou com o Quarteto Fantástico e assim ela e seu marido puderam alcançar um certo entendimento entre as raças humana e inumana. Contudo, não o suficiente para evitar que alguns conflitos viessem a ocorrer.',73,1,2,14,'Attilan','medusa.jpg'),(71,'Antony Edward Stark','Homem de ferro',5,'Durante a guerra do Vietnã, o inventor e empresário Tony Stark foi vítima de uma explosão de granada. Stark sobreviveu à explosão, mas estilhaços do explosivo se alojaram próximo ao seu coração, ameaçando sua vida. Ele foi capturado e levado até o líder Wong Chu. Restavam apenas alguns dias de vida para o americano, e Wong Chu o forçou a criar uma poderosa arma. Tony não criou uma arma e sim algo que o mantivesse vivo e permitisse derrotar os captores. Preso com ele estava outro gênio, o professor Ho Yinsen, que o ajudou. Quando os homens de Wong Chu se aproximaram, o velho professor pegou uma metralhadora, mas acabou sendo fuzilado, mas garantiu tempo suficiente para que Stark se recuperasse e se acostumasse a usar a armadura criada e assim fugir da prisão. Desde então Stark desenvolveu novas versões de sua armadura e adotou as cores vermelho e dourado como os padrões da armadura, com algumas pequenas alterações esporádicas como preto, prateado e branco.',160,1,1,3,NULL,'homemDeFerro.jpg'),(72,'Steven Grant Rogers','Capitão américa',2,'Nascido em 4 de Julho de 1920, filho de um casal pobre de imigrantes irlandeses, Sarah e Joseph Rogers (mortos em sua adolescência), Steve Rogers era um rapaz com problemas de saúde que desejava, de qualquer forma, participar dos esforços estadunidenses para vencer a Segunda Guerra Mundial. Ao ter seu alistamento recusado por sua saúde debilitada, ele deixa claro estar disposto a fazer qualquer coisa para ajudar na guerra. Esse \"qualquer coisa\" é tão literal que ele se torna parte de um experimento para a criação de soldados superficiais a alguém: o \"projeto supersoldado\", que consistia em um soro especial e criado pelo cientista Abraham Erskine. Contudo, na equipe do projeto havia um agente duplo a serviço dos nazistas, que mata Abraham. Como não havia registro escrito da fórmula, essa se perdeu com a morte do cientista, e Steve Rogers acaba se tornando o único daquilo que deveria ser um exército de supersoldados.',155,1,1,5,NULL,'capitaoAmerica.jpg'),(73,'Robert Bruce Banner','Hulk',2,'Bruce estava presente no bunker de instrumentação na unidade de teste para o primeiro teste de detonação subterrânea da Bomba Gama. Observando que um civil violou a segurança e entrou na área de teste limitado, Bruce pede ao colega Igor Starsky para atrasar a contagem regressiva quando ele tentou salvar o civil. Starsky, secretamente um agente soviético, não fez nada, confiante de que Bruce morresse na explosão, e que o projeto seria interrompido. Ao chegar no local de teste, Bruce conhece um adolescente chamado Rick Jones, ele o joga em uma trincheira protetora. Antes de Bruce poder ficar a salvo, a bomba detona e intensas ondas de radiação atingem a superfície. Banner é irradiado com partículas carregadas de alta radioatividade. Devido a um fator genético desconhecido em seu corpo, ele não foi morto pela radiação, que em vez disso fez com que ele frequentemente se transforme no monstro humanoide chamado de Hulk pelos militares. Após a transformação Bruce passou a fugir dos militares, conseguindo manter sua identidade em segredo com o auxílio de Rick.',230,1,1,1,NULL,'hulk.jpg'),(74,'T\'Challa','Pantera negra',3,'T\'Challa foi o primeiro filho biológico de T\'Chaka, Rei da Nação Africana de Wakanda. Participando da Conferência Bilderberg formada por seu pai, juntamente com Ulisses Klaw para negociar o uso de bens Wakandanos, ocorreu que T\'Chaka rejeitou as ofertas, criticando a ideologia materialista e egoísta de Klaw o que leva a matar o rei de Wakanda e ameaçar a família real, porém foi forçado a recuar pelo jovem T\'Challa. Após a morte do atual Pantera Negra e de tomar uma Erva em forma de coração para se conectar a Bast, o Deus Pantera, foi aprimorado, o que o tornou quase sobre-humano. Assim se tornando o novo Pantera Negra, líder do Clã Pantera e o Rei de Wakanda. ',105,1,1,6,NULL,'panteraNegra.jpg'),(75,'Natalia Alianovna Romanoff','Viúva negra',2,'Criada desde sua infância pelo Programa Operação Viúva Negra da URSS, junto com outras 28 jovens órfãs, onde foram treinadas em combate e espionagem na instalação secreta \"Sala Vermelha\". Lá ela foi bio-tecnologicamente e psico-tecnologicamente melhorada; o que proveria uma justificativa para seu tempo de vida excepcionalmente longo e sua juventude. Ela nunca foi realmente treinada em balé no Teatro Bolshoi, tendo em vez disso memórias artificiais. Durante seu treinamento, Romanoff foi contatada pela Encantor, a qual a manipulou apenas por diversão, sugerindo que Romanoff poderia ser livre, mas no final Encantor acabou impedindo que ela escapasse. No entanto, os esforços dela para fugir atraíram a atenção dos organizadores do programa, os quais caso contrário a teriam \"descartado\". Então foi convocada para a KGB. Ela se tornou sua melhor agente a ser treinada na Academia Sala Vermelha, se tornando excelente em combate e em coletar informações. Durante esse tempo, ela teve algum treinamento com o Soldado Invernal. Foi lá que ela foi apelidada pela primeira vez de \"Viúva Negra\".',94,3,2,8,NULL,'viuvaNegra.jpg'),(76,'Samuel Thomas Wilson','Falcão',2,'Sam Wilson nasceu em um bairro barra pesada, onde seu pai, um pastor, foi morto por tentar impedir uma briga. Sam fez de tudo para continuar a ter decisões sem ter que se envolver em maldades, mas sua tristeza e raiva o levaram a se tornar um criminoso, chamado \"Snap”. De volta de uma viagem ao Rio de Janeiro, onde dizia ter encontrado seu mascote falcão Asa Vermelha, foi dominado pelo Caveira Vermelha, que o usou em um de seus esquemas para enganar o Capitão América, o que acabou lhe dando poderes telepáticos com aves, através do cubo cósmico. Muitos anos depois Sam se rebelaria contra o vilão e juntaria forças com o Capitão para derrotá-lo. Agora usando o codinome Falcão, Wilson recebe mais tarde a ajuda de Pantera Negra que cria asas mecânicas especiais que lhe permite voar. Falcão deixou de ser parceiro do Capitão América quando foi nomeado o líder dos superagentes da S.H.I.E.L.D..',86,1,1,22,NULL,'falcao.jpg'),(77,'Jennifer Susan Walters','Mulher hulk',2,'Sendo prima de Bruce Banner e formada na faculdade de Direito como uma das melhores alunas, Jennifer passou a exercer a profissão em Los Angeles. Muito tempo depois de Banner ter se tornado o Hulk, ele visitou Jennifer para restabelecer contato com os amigos de infância, e para confiar a ela o trauma emocional que ele tinha sendo o Hulk. Naqueles dias, Jennifer estava defendendo um criminoso que Nicholas Trask tinha chamado para o assassinar o próprio guarda-costas. Enquanto ela se dirigia com o primo para sua casa em Los Angeles, um dos homens de Trask tentou assassiná-la, ferindo-a seriamente. Como ela estava perdendo sangue rapidamente, Banner improvisou uma transfusão de sangue de emergência, sabendo que ele e a prima compartilhavam do mesmo tipo sanguíneo. Percebendo que sua prima estava fora de perigo, o cientista desaparece temendo que a tensão do momento o transformasse em Hulk. Os efeitos da transfusão com sangue alterado por raios gama se manifestam em Jennifer quando os homens de Trask, disfarçados de médicos, invadem seu quarto de hospital. Ao reconhecê-los como ameaça, o ódio (e medo) da jovem desencadearam uma transformação em seu corpo, tornando-a numa versão feminina de Hulk, posteriormente denominada Mulher-Hulk.',110,1,2,4,'Los Angeles','mulherHulk.jpg'),(78,'Marcus Milton','Hyperion',3,'Um dia, seu universo e outro começaram a colidir. Enquanto ele tentava impedir a destruição de sua realidade, ele foi deixado no vazio que seu universo destruído já ocupou, como o único sobrevivente, flutuando no nada.',150,1,1,2,NULL,'hyperion.jpg'),(79,'Henry Pym','Homem-formiga',5,'Henry Pym é considerado um dos maiores cientistas do Universo Marvel, e entre os humanos se equipara a Anthony Stark e fica abaixo de Reed Richards. Ele foi o inventor das \"partículas Pym\", um produto que altera o tamanho dos seres vivos, pretendendo beneficiar a Humanidade. Mas, ao ser ridicularizado pela comunidade científica, começou a usar nele mesmo, logo após a morte da sua primeira esposa, a húngara Maria Trovaya, quando escapava da polícia secreta da Hungria. Depois conheceu a srta. Janet van Dyne (que mais tarde se tornaria a Vespa e sua segunda mulher). Como Homem-Formiga, ele enfrentaria vários vilões tais como Attuma, Cabeça de Ovo e Camarada X. Deve ser o maior \"encolhedor\" da Marvel, superando o Gênio, da extinta Tropa Gama e o mutante Miúdo.',90,1,1,16,NULL,'homemFormiga.jpg'),(80,'Janet van Dyne','Vespa',5,'Janet é a filha mais velha do renomado cientista Vernon Van Dyne. Quando seu pai foi assassinado a desolada jovem buscou o apoio do colega dele Hank Pym. Sem o conhecimento da moça, Hank levava uma vida dupla como o diminuto aventureiro Homem-Formiga. Impressionado pela força moral de Janet, Hank revelou sua identidade secreta e propôs a conversão dela numa criatura superpoderosa, para que assim pudesse vingar a morte do pai e rapidamente Janet aceitou. Baseando-se em suas recentes pesquisas sobre a estrutura orgânica das vespas, Hank implantou, sob as escápulas e têmporas de Janet, células correspondentes àquelas encontradas nas asas e antenas dos insetos. Ele também a ensinou a utilizar as Partículas Pym, capacitando-a de encolher sua altura e voltar ao normal. Devido às técnicas de bioengenharia de Hank, Janet pode manifestar asas e se comunicar telepaticamente com insetos em seu estado reduzido. Como Vespa, ela ajudou o Homem-Formiga a levar o assassino de seu pai à justiça. Depois disso, tornou-se parceira de combate ao crime do herói, desenvolvendo suas habilidades de modo a um dia tornar-se uma heroína por conta própria.',86,1,2,12,NULL,'vespa.jpg'),(81,'Miguel O\'Hara','Homem-aranha 2099',5,'Miguel O’Hara trabalhava como chefe de um projeto de aprimoramento genético da Alchemax, inspirado nas capacidades do Homem-Aranha original.Teve o destino drasticamente alterado após um trágico experimento que visava ampliar a força de um condenado, usado como cobaia. O resultado foi a morte desse indivíduo. Decidido a abandonar a companhia, Miguel foi logrado pelo magnata Tyler Stone, que o contaminou com um alucinógeno chamado Êxtase. Uma vez ingerida, a substância tornava a pessoa tão dependente quanto o oxigênio. Como havia usado seu próprio código genético em algumas experiências, decidiu fazer uso do material para reestruturar sua estrutura molecular e assim livrar-se da dependência do Êxtase. Teria funcionado, se seu superior Aaron não interferisse, misturando a programação de O’Hara com os códigos do Projeto Aranha. Saído de uma câmara de visual diferente já foi obrigado, de início, a lutar por sua sobrevivência.',78,1,1,21,'Nova York','homemAranha(2099).png'),(82,'Norrin Radd','Surfista prateado',1,'Norrin Radd, um nobre astrônomo que vivia no planeta Zenn-La, Sistema Deneb, Via Láctea. Quando o Devorador de mundos chegou a seu planeta, em uma atitude desesperada para salvar sua amada Shalla Bal, ele se ofereceu para servir eternamente a Galactus como seu arauto. A barganha funcionou, e então o vilão concedeu-lhe uma pequena fração de seus poderes e poupou Zenn-La e todos os seus habitantes. Norrin Radd foi condenado a vagar pelo Universo à procura de planetas que pudessem satisfazer a fome de seu mestre. Rebatizado agora de Surfista Prateado, com sua memória anterior ao evento apagada, ele serviu durante eras como arauto de Galactus, surfando pelo cosmos em sua prancha de prata. Assim foi sua vida até chegar à Terra, onde comovido pela nobreza dos seres humanos que insistiram em continuar numa luta que considerava perdida, aliou-se a eles contra a entidade cósmica.',125,1,1,3,NULL,'surfistaPrateado.jpg'),(83,'Malekith','Malekith',1,'Malekith cresceu durante um período de guerra em Svartalfheim . Doze de seus irmãos mais velhos morreram durante uma guerra com os trolls. Sua mãe finalmente o vendeu por dois sacos de fígado de cobra e meio barril de sapos em conserva. Ele trabalhou como queimador de corpo, que cremava corpos depois de uma batalha, até ser capturado por trolls. Em sua prisão, ele conheceu um bruxo, que o ajudou a escapar e o levou como aprendiz. Eventualmente, o Mago quis direcionar seus poderes para a paz, mas Malekith recusou, porque ele achava que qualquer paz significaria que a guerra que o forjou seria inútil, tornando sua existência algo que não era para ser. Ele então matou o mago, que antes de morrer deixou uma cicatriz seu rosto, e sua própria mãe, levando os cães da Caçada Selvagem para impedir que a paz reine.',86,2,1,18,NULL,'malekith.jpg'),(84,'Ulysses Klaw','Garra Sônica',5,'Ulysses Klaw é um físico da Holanda, que trabalha na Universidade de Delft. Projeta uma máquina capaz de converter ondas sonoras em massa física (\"som solidificado\"). Porém, um dos materiais necessários está numa pequena nação da Africa, chamado Wakanda. Precisando desesperadamente de uma amostra, ele organiza um grupo de mercenários para ajudá-lo a roubar o metal africano. Quando T\'Chaka, o líder do culto nativo ao Pantera Negra, recusa-se a dar o metal a Klaw, ele ordena seus homens a matarem T\'Chaka. Ao testemunhar a morte do pai o adolescente T\'Challa, o atual Pantera Negra, pega a arma de ondas sonoras de Ulysses e a usa para matar os mercenários e ferir a mão esquerda de Ulysses com uma explosão.Voltando para os Estados Unidos, Klaw tem sua mão amputada, mas usou uma arma de som para substituí-la. Dez anos mais tarde, ele retorna a Wakanda jurando vingança. Com a derrota iminente, ele usou a arma em si mesmo e se transformou num ser de som, o Garra Sônica.',74,2,1,22,NULL,'garraSonica.jpg'),(85,'Eugene Sing Chen Khan','Mandarim',3,'Filho de uma nobre inglesa e de um chinês, descendente de Genghis Khan, o Mandarim vivia como um aristocrata, até perder suas posses que incluíam castelos, por conta da Revolução Cultural. O Mandarim se considerava um mestre do karatê, mas suas armas mortais eram 10 anéis, que usava um em cada dedo das mãos. Cada um desses anéis tinha um poder diferente. Depois se descobriu que esses anéis eram de origem alienígena, de uma raça de seres que se pareciam fisicamente com Dragões, uma das causas das lendas chinesas sobre esse mítico monstro. O Mandarim dominava também a tecnologia alienígena do teletransporte, que a utilizava para capturar pessoas do seu interesse. ',93,2,1,15,NULL,'mandarin.jpg'),(86,'Emma Grace Frost','Rainha branca',4,'A bela e poderosa Emma Frost é de uma rica e tradicional família de Boston: os Frost. Quando jovem, era considerada uma garota feia e com dificuldades de aprendizagem, situação que perdurou até que seus poderes telepáticos se manifestaram pela primeira vez. Ao adquirir as habilidades de ler os pensamentos das pessoas, suas notas subiram de medíocre para as maiores da turma, mas também foi a época em que sua família começou a ruir, o que a faz fugir de casa. Quando adulta, herdou a administração do Clube do inferno e uma pequena fortuna, a administração da Frost Enterprises onde teve uma ascensão rápida ao escalão superior dos mundos dos negócios com ajuda de sua telepatia. Se tornando assim a diretora da Academia Massachussets para jovens superdotadas e o codinome de Rainha branca.',69,3,2,28,NULL,'emmaFrost.jpg'),(87,'Kurt Wagner','Noturno',4,'Kurt Wagner nasceu na região alemã da Baviera, filho da terrorista Mística e do mutante de aparência demoníaca Azazel.[1][2] Isso aconteceu quando ela era esposa de Lorde Darkholme. Ao nascer com orelhas pontudas, rabo e apenas três dedos nas mãos e nos pés, sua mãe o abandonou num rio para não ser linchada pelos aldeões de sua vila. Ele foi encontrado nos Alpes por uma família de ciganos chamada Szardos que já tinha dois filhos, Stefan e Jimaine Szardos, que não se importaram por sua aparência demoníaca. Sua família trabalhava no circo e ao crescer, Kurt virou uma estrela. Além da aparência, era muito ágil e rápido, ficando invisível no escuro e podendo se teletransportar à pequenas distâncias. Porém, ao fazer isso liberava fumaça e o lugar em que estava ficava com um estranho cheiro de enxofre. Logo, não é difícil compreender porque o vilarejo onde morava pensou que ele era o Diabo e tentou linchá-lo. Foi então que Charles Xavier apareceu, salvando Kurt de uma multidão enfurecida de camponeses que queriam matá-lo. Com o tempo, ele se tornou o X-Men conhecido como Noturno.',86,1,1,17,NULL,'noturno.jpg'),(88,'Robert Louis Drake','Homem de gelo',4,'Nativo de Long Island, Bobby descobriu seus poderes de criação de gelo quando um bully atacou ele e sua namorada. Assustados, os locais o prenderam na cadeia, de onde ele foi solto por Scott Summers, ao pedido do Professor Xavier. Consegue manipular a umidade do ar para transformar o vapor em gelo, inclusive pode manipular a massa congelada na forma que quiser. As aplicações mais comuns dos seus poderes são a criação de rampas pela qual ele desliza e barreiras de gelo. Bobby também é capaz de transformar seu corpo em gelo, mas ao invés de se tornar uma estátua de gelo imóvel, ainda retém a mesma mobilidade de sua forma de carne e osso. E ao voltar a sua forma normal, consegue voltar sem nenhum ferimento, caso tenha ocorrido algum. Também é bem treinado em combate corpo-a-corpo.',91,1,1,16,NULL,'homemDeGelo.jpg'),(89,'Ororo Munroe','Tempestade',4,'Nascida na África, Ororo Munroe, é filha de uma princesa tribal do Quênia e um fotojornalista americano e criada no Harlem e no Cairo. Ela se tornou órfã depois que seus pais foram mortos no meio de um conflito árabe-israelense. Um incidente neste momento também traumatizou Munroe, deixando-a com claustrofobia com a qual ela lutaria a vida inteira. Tempestade é membro do X-Men, um grupo de heróis mutantes lutando pela paz e igualdade de direitos entre mutantes e humanos. Sob a tutela de um ladrão mestre, a adolescente Munroe tornou-se uma colecionadora habilidosa, os meios pelos quais ela conhece por coincidência o poderoso mutante Charles Xavier, o Professor X que a convence a se juntar aos X-Men e usar suas habilidades para uma causa e propósito maiores.',101,1,2,7,NULL,'tempestade.jpg'),(90,'Aniquilador','Aniquilador',1,'Há muito tempo, na Zona Negativa , quando os Tyannans semearam esporos em planetas estéreis, um de seus esporos caiu no planeta vulcânico Arthros no momento em que foi atingido por um meteoro. Antes de morrer, a equipe lançou esporos. Muitos anos depois, um dos esporos evoluiu para uma criatura insetóide. Devido a uma mutação, ele tinha uma alta inteligência e foi supostamente o primogênito do Oblivion . Encontrando os destroços da nave Tyannan, ele usou um capacete especial para transferir todas as informações sobre a avançada tecnologia Tyannan para si mesmo. Isso o fez ficar mais forte e inteligente, ganhando uma capacidade de controle cósmico e armamentos corporais. A criatura ficou conhecida como Aniquilador e partiu para destruir qualquer coisa que fosse uma ameaça à sua existência.',106,2,3,6,NULL,'aniquilador.jpg'),(91,'Shuma-Gorath','Shuma-Gorath',3,'Shuma-Gorath é um demônio Onipotente e Senhor do Caos, que provavelmente já foi um humano. Ele parece um olho gigante verde com tentáculos. Embora a sua verdadeira origem seja desconhecida, já reinou sobre a Terra e comandou sacrifícios humanos, até o feiticeiro viajante do tempo, Sise-Neg, baní-lo. Ele conseguiu voltar e fixar-se como um deus, novamente comandando sacrifícios sangrentos, mas protegendo quem estava a seu favor. Eventualmente, o poder de Crom prendeu Shuma-Gorath dentro de uma montanha. Mesmo preso, consegue interagir com, Kulan Gath, e muitos outros humanos, até o mago supremo bani-lo de volta para sua dimensão.',96,2,3,4,NULL,'shumaGrath.jpg'),(92,'Amahl Farouk','Rei das sombras',4,'Amahl Farouk era um obeso criminoso do Cairo e poderoso mutante telepata. Em seu passado, trabalhou com os nazistas Barão Von Strucker e Geizt em uma conspiração para desestabilizar politicamente a Inglaterra. Estava em uma taberna no Cairo quando sente a presença de alguém com poderes telepáticos à sua altura. Ele o convoca para um duelo mental mortal. Charles Xavier adentra o bar, senta em sua mesa e nenhuma palavra é dita, o grande duelo começa no plano astral e o corpo de Farouk cai sem vida. O que ninguém sabia é que o corpo foi morto mas antes projetou toda sua consciência para o plano astral, onde passou a viver e planejar sua vingança. Sua forma astral é de uma criatura azulada e com semblante monstruoso.',84,2,1,13,NULL,'reiDasSombras.jpg'),(93,'Jessica Miriam Drew','Mulher-aranha',2,'Ela recebeu suas habilidades após sua mãe, enquanto grávida, receber um raio laser contendo o DNA de diferentes espécies de aranha. Após os pais de Jessica sumirem misteriosamente, a jovem é, novamente, recrutada pela HIDRA, onde foi treinada para ser uma incrível lutadora e assassina. Já com o nome de mulher-aranha,  começou a procurar mais sobre o assassinato de seus pais, porém a busca não obteve sucesso, até se mudar para Los Angeles e iniciar um romance com um agente da SHIELD e começar a lutar contra o crime fantasiada. Nessa época, Jessica descobriu sobre seus feromônios, que produzem uma grande atração sexual nos homens e repulsa nas mulheres. Então, Drew começou a trabalhar de secretaria em uma empresa farmacêutica e roubava remédios para suprimir seus feromônios. Após ser demitida ela se mudou para São Francisco e passou a trabalhar como uma Investigadora particular e também uma super-heroína, combatendo o crime, e até se juntando aos X-Men e os Vingadores.',79,1,2,21,NULL,'mulherAranha.jpg'),(94,'Laura Kinney','X-23',4,'Após 22 tentativas falhadas de reconstituir o DNA de Wolverine usando um cromossomo X, a 23ª amostra produz uma amostra viável. Sendo inserido na cientista Sarah Kinney, ela dá à luz \"X-23\". Após sete anos, X-23 é submetida a radiação para ativar seu gene mutante. Tenso suas garras retiradas, revestidas com adamantium e as reinseridas em suas mãos e pés (um procedimento realizado sem oferecer à criança qualquer anestesia). Além de ser criado o composto \"cheiro de gatilho\" que leva o X-23 a uma fúria assassina quando ela o detecta. Então, ela é treinada para ser um assassino contratada, ordenada matar \"qualquer um por um preço\". Com a morte de Kinney, que elabora uma carta para sua filha, atribuindo-lhe uma missão final: destruir qualquer vestígio do local e pessoas que a criaram. Também informa a X-23 que seu nome é Laura, que ela a ama e entrega a carta com as fotos de Charles Xavier, Wolverine e do Instituto Xavier.',93,3,2,14,NULL,'x23.jpg'),(95,'Warren Kenneth Worthington III','Anjo',4,'Warren Kenneth Wortington III é o único herdeiro se uma grande fortuna e de muitas empresas de sucesso. Desde pequeno Warren foi criado para ser um homem de sucesso, acumulando ainda mais milhões que o pai e o avô haviam conseguido, e assim alçar vôos mais altos. Mas o que Warren não imaginava era que seus vôos fossem mais do que simples força de expressão. Quando o jovem milionário atingiu a adolescência, fortes dores nas costas começaram a lhe torturar, até que um dia notou, chocado, que duas pequenas asas começaram a brotar de suas costas. Ele já havia perdido os pais em um acidente, e não sabia como lidar com a situação, manteve o caso em segredo e procurou o especialista em genética Charles Xavier. Foi assim que ele descobriu que era um mutante, e que suas asas eram na verdade a manifestação de suas capacidades mutantes. Xavier o convidou para estudar em sua escola para super dotados, e fazer parte dos cinco primeiros X-Men.',74,1,1,25,NULL,'anjo.jpg'),(96,'Dorren Green','Garota esquilo',2,'Doreen Green é filha de Dor e Maureen Green. Alguns meses após ter nascido, suas habilidades de esquilo se manifestaram predominantemente na forma de uma cauda. Quando seus pais consultaram um médico, foi determinado que Doreen sofreu modificações em seus genes, mas ela não era uma mutante, embora ela tenha acreditado por muito tempo que fosse uma. Junto com o seu esquilo de estimação Monkey Joe, começou sua carreira de heroína aos 14 anos tentando ser parceira do Homem de Ferro. Depois de ter sido polidamente rejeitada pelo herói, ambos são capturados por Dr. Destino. No entanto o vilão se tornaria o primeiro de muitos derrotados por ela depois de subestimar seus poderes.',154,1,2,2,NULL,'garotaEsquilo.jpg'),(97,'Ava Ayala','Tigresa branca',3,'O deus do Tigre Branco contido nos amuletos de Jade concede ao usuário poderes sobre-humanos e domínio sobre artes marciais, mas é um deus controlador e Ava, como seu avatar, faz um acordo com o deus que lhe permite controlá-la por uma noite por semana, sem a interferência dela. Mas a posse sai do controle e Ava finalmente supera e controla do deus com pura vontade e um argumento persuasivo. Os homens enlouquecidos do ex-coronel Gideon Mace assassinaram brutalmente os pais de Ava e sua irmã Awilda na frente dela, e embora ela sofra uma bala no pulmão, Ava sobrevive. Mais tarde, ela pega o manto do Tigre Branco e ouve que Mace é libertado e tenta matá-lo, mas os Poderosos Vingadores intervêm e impedem ela. A partir disso, ela se torna uma das protetoras de Los Angeles.',74,1,2,13,'Los Angeles','tigreza.jpg'),(98,'Kamala Khan','Miss marvel',1,'Kamala Khan era uma adolescente paquistanesa-americana nascida em Jersey City, fã de super-heróis, em especial a Capitã Marvel, quando em uma noite em que ia encontrar colegas no rio Hudson contra o desejo dos pais, foi atingida pela névoa Terrigen que cria Inumanos. Quando acordou, possuía superpoderes, que acabaria usando para salvar uma colega que caiu no rio. Vendo que agora podia ser uma heroína como sua ídola, adotou o antigo codinome da Capitã, Miss Marvel, e criou um uniforme a partir de um burquíni, que mais tarde seu amigo Bruno Carelli recriou com uma \"super gosma\" que permitia o traje mudar junto com as transformações físicas de Kamala.',90,1,2,16,'Jersey','missMarvel.jpg'),(99,'Jessica Campbell Jones','Jessica jones',2,'Jones deixou de ser uma heroína e abriu uma agência de detetives particulares. No entanto, a maior parte dos seus casos eram relacionados à vida dos mascarados, envolvendo até a identidade secreta do Capitão América. Apesar de seu desejo de deixar a vida de super-poderosa, ela encontra-se repetidamente atraída de volta para esse mundo. Nessa época, Carol Danvers apresentou Scott Lang (o segundo Homem-formiga) para Jessica e os dois acabam namorando por alguns meses. Posteriormente ela teve alguns encontros com Luke Cage. Killgrave, obcecado por Jones, escapou da prisão de alta segurança chamada Balsa, graças a invasão fomentada pelos Skrulls junto com o vilão Electro. Ele tentou quebrar sua confiança, fazendo-a passar por seu pior pesadelo: descobrir que Lang e Cage estavam em um encontro com sua amiga, Danvers. Desta vez, as defesas mentais que Jean construiu permitiram que Jones se libertasse de seu controle. Ela conseguiu vencê-lo e o vilão foi recapturado.Mais tarde, Cage e Jones admitem seus sentimentos um pelo outro. Depois de descobrir estar grávida, Jessica e Luke começam um relacionamento sério.',83,1,2,24,NULL,'jessicaJones.jpg'),(100,'Angelica Jones','Flama',4,'Angelica Jones quando criança descobriu que podia controlar o fogo e também emitir raios e ondas de calor. Inicialmente era uma aluna de Emma Frost na Academia de Massachussets. Foi criada por seu pai e seu avô e recrutada pela Rainha Branca do Clube do Inferno, para a nova equipe de mutantes: os Satânicos. Flama Nunca foi emitida em missões de campo com os outros membros, por não ter controle de seus poderes letais e porque a Rainha Branca desejava crueldade e ambição na personalidade de Flama, e os outros mutantes iam de encontro com esse quesito. A Rainha Branca manipulando Angélica, fez que ela acreditasse que ela era uma figura maternal, amável e boa, sem saber que Emma Frost queria mesmo era uma assassina, uma guarda-costas potencialmente forte.',96,1,2,20,NULL,'starFire.jpg');
/*!40000 ALTER TABLE `personagem` ENABLE KEYS */;
UNLOCK TABLES;

--
-- Table structure for table `tipo_categoria`
--

DROP TABLE IF EXISTS `tipo_categoria`;
/*!40101 SET @saved_cs_client     = @@character_set_client */;
 SET character_set_client = utf8mb4 ;
CREATE TABLE `tipo_categoria` (
  `id` bigint(11) NOT NULL AUTO_INCREMENT,
  `nome` varchar(45) NOT NULL,
  PRIMARY KEY (`id`)
) ENGINE=InnoDB AUTO_INCREMENT=6 DEFAULT CHARSET=utf8;
/*!40101 SET character_set_client = @saved_cs_client */;

--
-- Dumping data for table `tipo_categoria`
--

LOCK TABLES `tipo_categoria` WRITE;
/*!40000 ALTER TABLE `tipo_categoria` DISABLE KEYS */;
INSERT INTO `tipo_categoria` VALUES (1,'Cósmico'),(2,'Habilidade'),(3,'Místico'),(4,'Mutante'),(5,'Tecnologia');
/*!40000 ALTER TABLE `tipo_categoria` ENABLE KEYS */;
UNLOCK TABLES;

--
-- Table structure for table `tipo_ocupacao`
--

DROP TABLE IF EXISTS `tipo_ocupacao`;
/*!40101 SET @saved_cs_client     = @@character_set_client */;
 SET character_set_client = utf8mb4 ;
CREATE TABLE `tipo_ocupacao` (
  `id` bigint(11) NOT NULL AUTO_INCREMENT,
  `nome` varchar(45) NOT NULL,
  PRIMARY KEY (`id`)
) ENGINE=InnoDB AUTO_INCREMENT=4 DEFAULT CHARSET=utf8;
/*!40101 SET character_set_client = @saved_cs_client */;

--
-- Dumping data for table `tipo_ocupacao`
--

LOCK TABLES `tipo_ocupacao` WRITE;
/*!40000 ALTER TABLE `tipo_ocupacao` DISABLE KEYS */;
INSERT INTO `tipo_ocupacao` VALUES (1,'Herói'),(2,'Vilão'),(3,'Anti-herói');
/*!40000 ALTER TABLE `tipo_ocupacao` ENABLE KEYS */;
UNLOCK TABLES;

--
-- Table structure for table `tipo_pagamento`
--

DROP TABLE IF EXISTS `tipo_pagamento`;
/*!40101 SET @saved_cs_client     = @@character_set_client */;
 SET character_set_client = utf8mb4 ;
CREATE TABLE `tipo_pagamento` (
  `id` bigint(11) NOT NULL AUTO_INCREMENT,
  `nome` varchar(45) NOT NULL,
  PRIMARY KEY (`id`)
) ENGINE=InnoDB AUTO_INCREMENT=4 DEFAULT CHARSET=utf8;
/*!40101 SET character_set_client = @saved_cs_client */;

--
-- Dumping data for table `tipo_pagamento`
--

LOCK TABLES `tipo_pagamento` WRITE;
/*!40000 ALTER TABLE `tipo_pagamento` DISABLE KEYS */;
INSERT INTO `tipo_pagamento` VALUES (1,'Crédito'),(2,'Boleto'),(3,'Paypal');
/*!40000 ALTER TABLE `tipo_pagamento` ENABLE KEYS */;
UNLOCK TABLES;

--
-- Table structure for table `tipo_sexo`
--

DROP TABLE IF EXISTS `tipo_sexo`;
/*!40101 SET @saved_cs_client     = @@character_set_client */;
 SET character_set_client = utf8mb4 ;
CREATE TABLE `tipo_sexo` (
  `id` bigint(11) NOT NULL AUTO_INCREMENT,
  `nome` varchar(45) NOT NULL,
  PRIMARY KEY (`id`)
) ENGINE=InnoDB AUTO_INCREMENT=4 DEFAULT CHARSET=utf8;
/*!40101 SET character_set_client = @saved_cs_client */;

--
-- Dumping data for table `tipo_sexo`
--

LOCK TABLES `tipo_sexo` WRITE;
/*!40000 ALTER TABLE `tipo_sexo` DISABLE KEYS */;
INSERT INTO `tipo_sexo` VALUES (1,'Masculino'),(2,'Feminino'),(3,'Indeterminado');
/*!40000 ALTER TABLE `tipo_sexo` ENABLE KEYS */;
UNLOCK TABLES;

--
-- Table structure for table `usuario`
--

DROP TABLE IF EXISTS `usuario`;
/*!40101 SET @saved_cs_client     = @@character_set_client */;
 SET character_set_client = utf8mb4 ;
CREATE TABLE `usuario` (
  `id` bigint(11) NOT NULL AUTO_INCREMENT,
  `nome` varchar(45) NOT NULL,
  `email` varchar(45) NOT NULL,
  `senha` varchar(45) NOT NULL,
  `cpf` varchar(45) NOT NULL,
  `sexo` varchar(45) NOT NULL,
  `dt_nascimento` varchar(45) NOT NULL,
  `recebe_email` tinyint(1) NOT NULL,
  `has_adm` tinyint(1) NOT NULL DEFAULT '0',
  PRIMARY KEY (`id`)
) ENGINE=InnoDB AUTO_INCREMENT=2 DEFAULT CHARSET=utf8;
/*!40101 SET character_set_client = @saved_cs_client */;

--
-- Dumping data for table `usuario`
--

LOCK TABLES `usuario` WRITE;
/*!40000 ALTER TABLE `usuario` DISABLE KEYS */;
INSERT INTO `usuario` VALUES (1,'admin','admin@admin.com','marvel_shopp','adm','adm','adm',0,1);
/*!40000 ALTER TABLE `usuario` ENABLE KEYS */;
UNLOCK TABLES;
/*!40103 SET TIME_ZONE=@OLD_TIME_ZONE */;

/*!40101 SET SQL_MODE=@OLD_SQL_MODE */;
/*!40014 SET FOREIGN_KEY_CHECKS=@OLD_FOREIGN_KEY_CHECKS */;
/*!40014 SET UNIQUE_CHECKS=@OLD_UNIQUE_CHECKS */;
/*!40101 SET CHARACTER_SET_CLIENT=@OLD_CHARACTER_SET_CLIENT */;
/*!40101 SET CHARACTER_SET_RESULTS=@OLD_CHARACTER_SET_RESULTS */;
/*!40101 SET COLLATION_CONNECTION=@OLD_COLLATION_CONNECTION */;
/*!40111 SET SQL_NOTES=@OLD_SQL_NOTES */;

-- Dump completed on 2019-10-19  0:06:06
